site,release_time
ban,2/10/2017 22:00
bol,1/17/2017 8:00
bol,1/19/2017 12:00
bol,1/20/2017
bol,1/20/2017 4:00
bol,1/29/2017 20:00
bol,2/10/2017 22:00
bol,2/17/2017 12:00
bol,3/5/2017 9:00
bol,3/8/2017 16:00
bol,3/9/2017 12:00
bol,3/12/2017
bol,3/12/2017 4:00
bol,3/12/2017 8:00
bol,3/12/2017 12:00
bol,3/12/2017 16:00
bol,3/12/2017 20:00
bol,3/13/2017
bol,3/13/2017 4:00
bol,3/13/2017 8:00
bol,3/29/2017
bol,3/29/2017 4:00
car,1/18/2017 19:00
car,1/19/2017 12:00
car,2/10/2017 22:00
car,2/17/2017 12:00
car,3/5/2017 9:00
car,3/9/2017 12:00
car,3/12/2017
car,3/12/2017 4:00
car,3/12/2017 8:00
car,3/12/2017 12:00
car,3/12/2017 16:00
car,3/12/2017 20:00
car,3/13/2017
car,3/13/2017 4:00
car,3/13/2017 8:00
cud,2/26/2017 4:00
dad,2/24/2017 4:00
dad,2/24/2017 12:00
gam,2/10/2017 22:00
ime,1/15/2017 4:00
ime,1/15/2017 8:00
ime,1/15/2017 12:00
ime,1/15/2017 16:00
lay,1/16/2017 14:00
lay,3/15/2017 17:00
lay,3/17/2017 16:00
lip,1/19/2017 12:00
lip,1/20/2017
lip,1/20/2017 4:00
lip,2/10/2017 22:00
lip,2/17/2017 12:00
lip,2/20/2017
lip,2/20/2017 12:00
lip,3/5/2017 9:00
lip,3/9/2017 12:00
lip,3/29/2017
lip,3/29/2017 4:00
lip,3/31/2017 12:00
loo,1/19/2017 12:00
loo,1/21/2017 3:00
loo,1/21/2017 4:00
loo,1/21/2017 8:00
loo,1/28/2017 12:00
loo,1/30/2017 22:00
loo,2/1/2017 4:00
loo,2/1/2017 12:00
loo,2/2/2017
loo,2/10/2017 22:00
loo,2/16/2017 10:00
loo,2/17/2017 12:00
lun,2/10/2017 22:00
lun,2/12/2017 12:00
mca,1/19/2017 12:00
mca,1/22/2017 12:00
mca,1/22/2017 16:00
mca,1/30/2017 8:00
mca,2/10/2017 22:00
mca,2/11/2017
mca,2/16/2017 5:00
mca,2/16/2017 12:00
mca,2/16/2017 16:00
mca,2/16/2017 20:00
mca,2/17/2017 12:00
mca,2/18/2017 4:00
mca,2/18/2017 8:00
mca,2/18/2017 12:00
mca,2/18/2017 16:00
mca,2/18/2017 20:00
mca,2/19/2017
mca,2/19/2017 4:00
mca,2/19/2017 8:00
mca,3/7/2017 20:00
man,1/16/2017 12:00
man,3/13/2017 8:00
man,3/13/2017 12:00
mes,1/31/2017 16:00
mes,2/1/2017 4:00
mes,2/1/2017 12:00
mes,2/2/2017
mes,2/2/2017 4:00
mes,2/2/2017 12:00
mes,2/16/2017 16:00
mes,2/16/2017 20:00
mes,2/24/2017
mes,2/26/2017 4:00
mes,2/27/2017 12:00
nur,2/10/2017 22:00
nur,2/17/2017 12:00
nur,2/20/2017 12:00
nur,3/2/2017 5:00
nur,3/3/2017 12:00
nur,3/3/2017 16:00
nur,3/3/2017 20:00
nur,3/4/2017
nur,3/4/2017 4:00
nur,3/4/2017 8:00
nur,3/4/2017 12:00
nur,3/4/2017 16:00
nur,3/4/2017 20:00
nur,3/9/2017 12:00
nur,3/12/2017
nur,3/12/2017 4:00
nur,3/12/2017 8:00
nur,3/12/2017 12:00
nur,3/12/2017 16:00
nur,3/12/2017 20:00
osl,2/10/2017 22:00
osl,2/14/2017 9:00
osl,3/5/2017 9:00
osl,3/6/2017 16:00
par,1/16/2017 14:00
par,3/9/2017 12:00
sib,1/19/2017 12:00
sib,1/23/2017 20:00
sib,1/26/2017 12:00
sib,2/17/2017 12:00
sib,2/20/2017 6:00
sib,2/20/2017 12:00
sib,2/24/2017 6:00
sib,2/25/2017 4:00
sib,3/3/2017 17:00
sib,3/3/2017 20:00
sib,3/4/2017
sib,3/4/2017 4:00
sib,3/4/2017 8:00
sib,3/4/2017 12:00
sib,3/4/2017 16:00
sib,3/4/2017 20:00
sib,3/6/2017 2:00
sib,3/9/2017 12:00
sib,3/12/2017
sib,3/12/2017 4:00
sib,3/12/2017 8:00
sib,3/12/2017 12:00
sib,3/12/2017 16:00
sib,3/12/2017 20:00
sib,3/16/2017 8:00
sib,3/28/2017 9:00
sib,3/29/2017 4:00
sib,3/29/2017 8:00
sin,2/2/2017 3:00
sin,2/2/2017 4:00
sin,2/2/2017 12:00
sin,2/3/2017 12:00
sum,1/19/2017 7:00
sum,1/19/2017 12:00
sum,1/20/2017 8:00
sum,1/28/2017 12:00
sum,1/30/2017 21:00
sum,2/1/2017 4:00
sum,2/10/2017 22:00
sum,2/16/2017 10:00
sum,2/17/2017 12:00
sum,3/7/2017 16:00
sum,3/9/2017 12:00
sum,3/16/2017 19:00
